Median Household Income,Total Population,Female Population,Male Population,Under 5 years,5 to 9 years,10 to 14 years,15 to 19 years,20 to 24 years,25 to 29 years,30 to 34 years,35 to 39 years,40 to 44 years,45 to 49 years,50 to 54 years,55 to 59 years,60 to 64 years,65 to 69 years,70 to 74 years,75 to 79 years,80 to 84 years,White alone,Black or African American alone,American Indian and Alaska Native alone,Asian alone,Native Hawaiian and Other Pacific Islander alone,Some other race alone,Two or more races,Hispanic or Latino (of any race),state,county,tract
78661.0,2118.0,1074.0,1044.0,73.0,11.0,0.0,44.0,78.0,0.0,0.0,21.0,67.0,84.0,285.0,13.0,83.0,14.0,75.0,0.0,27.0,742.0,95.0,59.0,1021.0,50.0,97.0,54.0,159.0,06,075,010101
-666666666.0,1783.0,1021.0,762.0,0.0,0.0,81.0,0.0,0.0,0.0,0.0,184.0,44.0,104.0,9.0,43.0,0.0,38.0,99.0,0.0,19.0,402.0,300.0,0.0,814.0,0.0,232.0,35.0,250.0,06,075,010102
159647.0,2499.0,1224.0,1275.0,15.0,0.0,26.0,47.0,22.0,0.0,0.0,86.0,220.0,234.0,143.0,14.0,57.0,65.0,55.0,29.0,25.0,1905.0,201.0,0.0,168.0,0.0,20.0,205.0,155.0,06,075,010201
192500.0,1891.0,931.0,960.0,14.0,14.0,0.0,13.0,0.0,1.0,0.0,44.0,131.0,117.0,170.0,63.0,57.0,46.0,31.0,54.0,31.0,1441.0,53.0,0.0,223.0,17.0,0.0,157.0,1.0,06,075,010202
136643.0,3996.0,1952.0,2044.0,18.0,1.0,82.0,0.0,50.0,0.0,0.0,58.0,376.0,278.0,167.0,101.0,149.0,143.0,62.0,12.0,150.0,2744.0,0.0,91.0,1049.0,0.0,25.0,87.0,253.0,06,075,010300
115170.0,2202.0,1121.0,1081.0,33.0,13.0,58.0,59.0,0.0,11.0,0.0,11.0,95.0,176.0,65.0,140.0,69.0,41.0,115.0,31.0,55.0,1191.0,12.0,1.0,458.0,12.0,0.0,528.0,401.0,06,075,010401
176192.0,2292.0,944.0,1348.0,0.0,29.0,66.0,0.0,0.0,0.0,0.0,2.0,147.0,194.0,160.0,62.0,31.0,47.0,126.0,65.0,123.0,1547.0,0.0,0.0,486.0,0.0,20.0,239.0,162.0,06,075,010402
155769.0,3430.0,1708.0,1722.0,112.0,130.0,32.0,0.0,0.0,12.0,8.0,22.0,180.0,182.0,165.0,50.0,96.0,161.0,51.0,51.0,31.0,1805.0,162.0,0.0,1229.0,0.0,66.0,168.0,138.0,06,075,010500
68235.0,3277.0,1358.0,1919.0,0.0,36.0,43.0,30.0,9.0,31.0,0.0,166.0,310.0,238.0,69.0,139.0,109.0,106.0,181.0,90.0,34.0,1166.0,104.0,0.0,1751.0,0.0,43.0,213.0,238.0,06,075,010600
22345.0,3458.0,1983.0,1475.0,0.0,15.0,139.0,0.0,14.0,0.0,0.0,51.0,158.0,80.0,0.0,101.0,31.0,91.0,27.0,159.0,87.0,118.0,0.0,5.0,3335.0,0.0,0.0,0.0,32.0,06,075,010701
73542.0,1584.0,1018.0,566.0,27.0,38.0,16.0,3.0,0.0,0.0,0.0,0.0,46.0,0.0,173.0,12.0,53.0,8.0,19.0,17.0,20.0,448.0,0.0,35.0,796.0,0.0,168.0,137.0,203.0,06,075,010702
133958.0,4999.0,2394.0,2605.0,115.0,74.0,0.0,0.0,0.0,0.0,0.0,30.0,399.0,476.0,269.0,161.0,101.0,26.0,76.0,221.0,149.0,2594.0,272.0,0.0,1809.0,0.0,51.0,273.0,195.0,06,075,010800
154767.0,1948.0,1157.0,791.0,0.0,0.0,0.0,0.0,0.0,0.0,0.0,9.0,143.0,247.0,62.0,19.0,63.0,63.0,18.0,9.0,0.0,1377.0,0.0,0.0,378.0,0.0,0.0,193.0,255.0,06,075,010901
126334.0,2403.0,1289.0,1114.0,7.0,12.0,38.0,0.0,0.0,0.0,0.0,36.0,267.0,189.0,64.0,22.0,13.0,17.0,17.0,127.0,6.0,1658.0,34.0,0.0,448.0,0.0,48.0,215.0,218.0,06,075,010902
117011.0,2628.0,1469.0,1159.0,43.0,9.0,32.0,0.0,11.0,0.0,0.0,8.0,144.0,126.0,152.0,162.0,39.0,228.0,30.0,32.0,24.0,1477.0,23.0,0.0,1089.0,0.0,39.0,0.0,156.0,06,075,011001
128661.0,2249.0,1171.0,1078.0,35.0,0.0,0.0,0.0,31.0,0.0,0.0,0.0,60.0,309.0,81.0,65.0,31.0,212.0,127.0,55.0,0.0,1254.0,0.0,0.0,863.0,0.0,14.0,118.0,91.0,06,075,011002
112162.0,2528.0,1206.0,1322.0,44.0,0.0,0.0,0.0,0.0,0.0,0.0,55.0,100.0,137.0,176.0,157.0,118.0,34.0,28.0,70.0,60.0,1414.0,42.0,0.0,935.0,0.0,25.0,112.0,228.0,06,075,011101
100707.0,2024.0,952.0,1072.0,0.0,3.0,0.0,0.0,0.0,0.0,0.0,43.0,140.0,317.0,178.0,68.0,27.0,49.0,15.0,48.0,59.0,981.0,142.0,3.0,775.0,0.0,8.0,115.0,111.0,06,075,011102
146951.0,3120.0,1453.0,1667.0,42.0,21.0,11.0,23.0,3.0,0.0,31.0,128.0,187.0,157.0,182.0,143.0,89.0,122.0,148.0,23.0,48.0,1926.0,129.0,0.0,876.0,0.0,42.0,147.0,168.0,06,075,011200
36382.0,2801.0,1450.0,1351.0,64.0,32.0,72.0,0.0,20.0,0.0,23.0,63.0,127.0,147.0,63.0,11.0,155.0,64.0,160.0,32.0,5.0,459.0,52.0,0.0,2224.0,0.0,10.0,56.0,104.0,06,075,011300
78558.0,1800.0,777.0,1023.0,19.0,120.0,19.0,0.0,13.0,9.0,0.0,9.0,34.0,149.0,40.0,78.0,137.0,56.0,146.0,8.0,46.0,692.0,56.0,0.0,723.0,0.0,100.0,229.0,153.0,06,075,011700
40321.0,1658.0,907.0,751.0,14.0,23.0,28.0,0.0,9.0,0.0,0.0,45.0,90.0,77.0,74.0,24.0,86.0,68.0,8.0,17.0,54.0,155.0,17.0,0.0,1403.0,0.0,5.0,78.0,20.0,06,075,011800
109934.0,2298.0,1024.0,1274.0,0.0,0.0,8.0,21.0,93.0,3.0,0.0,112.0,136.0,217.0,103.0,110.0,49.0,109.0,123.0,13.0,0.0,1205.0,59.0,0.0,749.0,16.0,107.0,162.0,266.0,06,075,011901
76156.0,2771.0,1423.0,1348.0,30.0,24.0,9.0,13.0,10.0,5.0,0.0,100.0,224.0,242.0,46.0,67.0,36.0,75.0,98.0,43.0,11.0,1507.0,45.0,9.0,918.0,13.0,130.0,149.0,204.0,06,075,011902
68811.0,1834.0,644.0,1190.0,106.0,0.0,0.0,0.0,4.0,6.0,0.0,33.0,229.0,139.0,93.0,90.0,122.0,90.0,52.0,0.0,108.0,850.0,20.0,39.0,410.0,0.0,245.0,270.0,391.0,06,075,012001
63016.0,2202.0,784.0,1418.0,0.0,36.0,0.0,0.0,0.0,0.0,10.0,51.0,248.0,338.0,177.0,122.0,94.0,76.0,20.0,19.0,171.0,969.0,211.0,10.0,641.0,0.0,122.0,249.0,426.0,06,075,012002
89063.0,3846.0,1945.0,1901.0,14.0,0.0,43.0,8.0,180.0,15.0,33.0,81.0,231.0,461.0,189.0,256.0,71.0,144.0,64.0,0.0,0.0,1939.0,158.0,2.0,1172.0,0.0,144.0,431.0,479.0,06,075,012100
43750.0,2821.0,1082.0,1739.0,1.0,68.0,0.0,0.0,33.0,0.0,11.0,10.0,81.0,173.0,204.0,153.0,290.0,163.0,157.0,28.0,35.0,1123.0,369.0,74.0,817.0,0.0,175.0,263.0,354.0,06,075,012202
-666666666.0,1834.0,481.0,1353.0,79.0,66.0,0.0,29.0,0.0,0.0,0.0,52.0,0.0,97.0,365.0,100.0,0.0,62.0,82.0,120.0,34.0,1043.0,174.0,7.0,327.0,0.0,43.0,240.0,200.0,06,075,012203
58004.0,2763.0,1352.0,1411.0,12.0,62.0,0.0,0.0,0.0,0.0,0.0,86.0,342.0,153.0,188.0,32.0,38.0,191.0,103.0,46.0,108.0,1307.0,0.0,17.0,948.0,0.0,201.0,290.0,619.0,06,075,012204
26406.0,1887.0,809.0,1078.0,34.0,39.0,0.0,0.0,11.0,0.0,0.0,0.0,51.0,241.0,13.0,130.0,145.0,108.0,102.0,36.0,56.0,640.0,164.0,12.0,630.0,31.0,340.0,70.0,508.0,06,075,012301
47807.0,2600.0,1231.0,1369.0,52.0,10.0,0.0,0.0,0.0,0.0,15.0,127.0,90.0,279.0,133.0,121.0,101.0,119.0,117.0,0.0,32.0,1229.0,184.0,25.0,687.0,6.0,313.0,156.0,373.0,06,075,012302
37800.0,2591.0,1155.0,1436.0,59.0,24.0,44.0,45.0,67.0,47.0,81.0,0.0,108.0,45.0,100.0,148.0,206.0,179.0,164.0,16.0,25.0,402.0,162.0,50.0,1192.0,0.0,557.0,228.0,620.0,06,075,012403
25865.0,2566.0,1021.0,1545.0,0.0,0.0,37.0,46.0,0.0,0.0,0.0,16.0,132.0,176.0,15.0,105.0,144.0,130.0,415.0,60.0,21.0,1092.0,281.0,0.0,650.0,13.0,490.0,40.0,852.0,06,075,012404
116612.0,3817.0,1581.0,2236.0,65.0,80.0,0.0,0.0,0.0,0.0,0.0,107.0,354.0,561.0,470.0,204.0,89.0,37.0,41.0,51.0,60.0,1511.0,530.0,38.0,886.0,0.0,71.0,781.0,628.0,06,075,012405
30972.0,1463.0,813.0,650.0,0.0,0.0,0.0,0.0,0.0,10.0,0.0,0.0,66.0,36.0,35.0,44.0,62.0,31.0,153.0,41.0,83.0,460.0,112.0,2.0,634.0,0.0,169.0,86.0,172.0,06,075,012406
25754.0,4371.0,1784.0,2587.0,118.0,0.0,16.0,0.0,39.0,97.0,81.0,65.0,82.0,194.0,245.0,337.0,95.0,201.0,91.0,49.0,93.0,876.0,384.0,393.0,1287.0,0.0,1169.0,262.0,1549.0,06,075,012502
35033.0,3788.0,1746.0,2042.0,97.0,68.0,119.0,63.0,28.0,0.0,7.0,50.0,212.0,110.0,90.0,135.0,408.0,64.0,200.0,87.0,141.0,1027.0,193.0,47.0,1383.0,0.0,830.0,308.0,1261.0,06,075,012503
22671.0,617.0,308.0,309.0,0.0,0.0,22.0,0.0,0.0,0.0,0.0,0.0,14.0,0.0,17.0,0.0,80.0,0.0,36.0,0.0,17.0,82.0,51.0,0.0,357.0,0.0,0.0,127.0,127.0,06,075,012504
165893.0,2241.0,1302.0,939.0,22.0,47.0,17.0,31.0,0.0,0.0,0.0,21.0,158.0,133.0,120.0,92.0,100.0,79.0,6.0,0.0,7.0,1575.0,20.0,0.0,378.0,0.0,7.0,261.0,220.0,06,075,012601
173043.0,2977.0,1594.0,1383.0,65.0,32.0,64.0,56.0,30.0,0.0,0.0,97.0,372.0,89.0,198.0,81.0,88.0,45.0,59.0,0.0,18.0,2395.0,0.0,0.0,291.0,0.0,51.0,240.0,119.0,06,075,012602
216689.0,4046.0,2066.0,1980.0,112.0,0.0,52.0,21.0,0.0,0.0,0.0,108.0,363.0,345.0,233.0,25.0,66.0,158.0,15.0,4.0,188.0,3198.0,33.0,0.0,292.0,0.0,184.0,339.0,345.0,06,075,012700
219784.0,2791.0,1383.0,1408.0,284.0,50.0,119.0,59.0,0.0,0.0,0.0,0.0,80.0,78.0,254.0,68.0,17.0,68.0,32.0,37.0,38.0,2240.0,0.0,0.0,192.0,17.0,0.0,342.0,501.0,06,075,012801
250001.0,2012.0,989.0,1023.0,36.0,0.0,0.0,1.0,0.0,0.0,0.0,28.0,429.0,199.0,124.0,23.0,39.0,13.0,0.0,0.0,0.0,1511.0,4.0,0.0,67.0,0.0,46.0,384.0,384.0,06,075,012802
205375.0,2823.0,1571.0,1252.0,41.0,27.0,22.0,24.0,0.0,14.0,0.0,10.0,295.0,316.0,162.0,52.0,89.0,35.0,45.0,24.0,13.0,2063.0,1.0,0.0,391.0,15.0,79.0,274.0,337.0,06,075,012901
178542.0,3545.0,2036.0,1509.0,59.0,30.0,48.0,0.0,47.0,0.0,12.0,36.0,213.0,368.0,160.0,29.0,171.0,90.0,29.0,0.0,34.0,2746.0,34.0,24.0,345.0,75.0,66.0,255.0,138.0,06,075,012902
170250.0,1758.0,885.0,873.0,0.0,46.0,0.0,24.0,0.0,0.0,0.0,71.0,231.0,129.0,115.0,23.0,15.0,93.0,31.0,28.0,0.0,1577.0,0.0,0.0,147.0,0.0,16.0,18.0,78.0,06,075,013001
192742.0,2800.0,1756.0,1044.0,197.0,0.0,10.0,0.0,8.0,0.0,0.0,49.0,107.0,119.0,146.0,57.0,182.0,6.0,39.0,19.0,21.0,2151.0,0.0,35.0,250.0,0.0,0.0,364.0,193.0,06,075,013002
211765.0,4088.0,2130.0,1958.0,159.0,81.0,78.0,0.0,11.0,0.0,20.0,63.0,241.0,510.0,271.0,156.0,40.0,57.0,58.0,13.0,57.0,2747.0,108.0,23.0,1034.0,0.0,28.0,148.0,255.0,06,075,013101
224125.0,2951.0,1685.0,1266.0,36.0,60.0,51.0,9.0,9.0,0.0,0.0,39.0,175.0,239.0,128.0,62.0,72.0,101.0,43.0,12.0,16.0,2086.0,65.0,0.0,440.0,0.0,53.0,307.0,353.0,06,075,013102
199412.0,4456.0,2007.0,2449.0,79.0,137.0,144.0,81.0,7.0,0.0,0.0,49.0,239.0,303.0,185.0,151.0,136.0,212.0,108.0,0.0,58.0,3129.0,150.0,0.0,936.0,0.0,0.0,241.0,219.0,06,075,013200
169392.0,4483.0,2345.0,2138.0,97.0,97.0,174.0,169.0,61.0,0.0,20.0,49.0,144.0,72.0,121.0,199.0,147.0,137.0,97.0,51.0,67.0,3437.0,23.0,0.0,517.0,0.0,143.0,363.0,371.0,06,075,013300
183562.0,1516.0,937.0,579.0,14.0,16.0,16.0,0.0,0.0,0.0,0.0,18.0,26.0,190.0,61.0,0.0,63.0,30.0,0.0,24.0,35.0,1016.0,4.0,4.0,186.0,0.0,65.0,241.0,232.0,06,075,013401
175188.0,2239.0,1102.0,1137.0,57.0,88.0,88.0,0.0,0.0,0.0,0.0,0.0,86.0,68.0,97.0,41.0,105.0,49.0,137.0,38.0,52.0,1906.0,135.0,0.0,86.0,0.0,50.0,62.0,129.0,06,075,013402
157344.0,2449.0,1299.0,1150.0,45.0,32.0,55.0,6.0,0.0,8.0,7.0,41.0,99.0,199.0,196.0,26.0,87.0,118.0,60.0,9.0,0.0,1796.0,6.0,11.0,407.0,0.0,23.0,206.0,298.0,06,075,013500
135859.0,2817.0,1490.0,1327.0,0.0,23.0,0.0,0.0,0.0,0.0,0.0,6.0,228.0,328.0,67.0,64.0,128.0,91.0,61.0,8.0,32.0,1507.0,88.0,5.0,1035.0,0.0,42.0,140.0,250.0,06,075,015100
74080.0,1713.0,932.0,781.0,37.0,0.0,26.0,0.0,0.0,0.0,0.0,40.0,22.0,86.0,155.0,17.0,18.0,53.0,35.0,32.0,46.0,1049.0,36.0,0.0,531.0,0.0,39.0,58.0,117.0,06,075,015201
142098.0,2277.0,906.0,1371.0,201.0,9.0,0.0,0.0,0.0,0.0,0.0,8.0,217.0,241.0,131.0,10.0,77.0,144.0,34.0,0.0,24.0,1105.0,432.0,0.0,433.0,0.0,84.0,223.0,190.0,06,075,015202
163286.0,2206.0,890.0,1316.0,64.0,0.0,64.0,0.0,0.0,0.0,0.0,25.0,394.0,319.0,52.0,34.0,67.0,36.0,31.0,43.0,23.0,1406.0,215.0,20.0,268.0,0.0,57.0,240.0,328.0,06,075,015300
121250.0,3349.0,1599.0,1750.0,73.0,40.0,12.0,3.0,0.0,8.0,27.0,14.0,334.0,395.0,122.0,137.0,36.0,32.0,142.0,25.0,25.0,1710.0,14.0,0.0,1202.0,7.0,102.0,314.0,233.0,06,075,015401
195078.0,2643.0,1492.0,1151.0,86.0,38.0,136.0,17.0,0.0,0.0,0.0,0.0,94.0,39.0,275.0,125.0,85.0,50.0,33.0,28.0,0.0,1929.0,0.0,0.0,375.0,0.0,141.0,198.0,387.0,06,075,015402
90938.0,3666.0,2001.0,1665.0,85.0,0.0,0.0,0.0,0.0,0.0,0.0,29.0,292.0,156.0,126.0,56.0,63.0,111.0,148.0,25.0,58.0,1741.0,170.0,7.0,1083.0,21.0,229.0,415.0,482.0,06,075,015500
78750.0,2923.0,1500.0,1423.0,56.0,12.0,46.0,53.0,153.0,26.0,29.0,8.0,103.0,145.0,90.0,72.0,9.0,100.0,62.0,62.0,93.0,1380.0,128.0,43.0,1111.0,0.0,40.0,221.0,439.0,06,075,015600
126754.0,5327.0,3181.0,2146.0,0.0,123.0,0.0,12.0,544.0,179.0,95.0,7.0,380.0,172.0,30.0,119.0,94.0,71.0,102.0,70.0,24.0,2565.0,264.0,9.0,1782.0,0.0,192.0,515.0,870.0,06,075,015701
194231.0,3435.0,1559.0,1876.0,150.0,82.0,20.0,58.0,41.0,0.0,12.0,49.0,195.0,343.0,302.0,72.0,72.0,114.0,143.0,53.0,12.0,1922.0,68.0,0.0,256.0,0.0,740.0,449.0,252.0,06,075,015702
108447.0,3406.0,1616.0,1790.0,39.0,20.0,180.0,18.0,0.0,45.0,0.0,135.0,152.0,322.0,151.0,78.0,98.0,101.0,108.0,0.0,44.0,1440.0,866.0,0.0,779.0,0.0,170.0,151.0,318.0,06,075,015801
138906.0,3589.0,1594.0,1995.0,76.0,0.0,7.0,35.0,0.0,0.0,23.0,227.0,335.0,358.0,210.0,140.0,69.0,110.0,51.0,92.0,33.0,2152.0,304.0,0.0,397.0,0.0,216.0,520.0,486.0,06,075,015802
115635.0,4829.0,2232.0,2597.0,70.0,71.0,239.0,142.0,0.0,17.0,17.0,95.0,360.0,240.0,186.0,128.0,146.0,210.0,196.0,30.0,59.0,1726.0,499.0,82.0,1716.0,0.0,459.0,347.0,615.0,06,075,015900
119219.0,2498.0,1253.0,1245.0,16.0,0.0,0.0,0.0,5.0,0.0,0.0,15.0,126.0,197.0,81.0,17.0,137.0,38.0,62.0,51.0,92.0,1064.0,147.0,0.0,703.0,0.0,89.0,495.0,225.0,06,075,016000
23750.0,2295.0,1285.0,1010.0,28.0,1.0,17.0,0.0,110.0,0.0,0.0,14.0,173.0,65.0,139.0,39.0,27.0,23.0,0.0,134.0,19.0,908.0,281.0,0.0,878.0,0.0,81.0,147.0,179.0,06,075,016101
22542.0,2555.0,1304.0,1251.0,0.0,34.0,75.0,62.0,25.0,0.0,13.0,51.0,18.0,61.0,156.0,106.0,255.0,100.0,148.0,5.0,15.0,295.0,1279.0,2.0,593.0,0.0,277.0,109.0,345.0,06,075,016102
147429.0,3365.0,1178.0,2187.0,38.0,12.0,27.0,0.0,24.0,7.0,0.0,82.0,506.0,304.0,109.0,328.0,89.0,209.0,220.0,22.0,82.0,1812.0,150.0,0.0,979.0,4.0,244.0,176.0,336.0,06,075,016200
122141.0,4423.0,2083.0,2340.0,243.0,50.0,76.0,0.0,19.0,0.0,10.0,19.0,326.0,213.0,324.0,113.0,208.0,162.0,264.0,10.0,15.0,2315.0,972.0,0.0,411.0,18.0,349.0,358.0,679.0,06,075,016300
185357.0,4262.0,2101.0,2161.0,147.0,43.0,9.0,0.0,32.0,0.0,0.0,148.0,396.0,331.0,318.0,146.0,237.0,74.0,134.0,46.0,19.0,2979.0,248.0,15.0,404.0,0.0,132.0,484.0,661.0,06,075,016400
161974.0,5279.0,2809.0,2470.0,91.0,49.0,24.0,13.0,25.0,0.0,7.0,54.0,257.0,648.0,437.0,70.0,169.0,91.0,117.0,90.0,12.0,3578.0,404.0,164.0,562.0,0.0,187.0,384.0,652.0,06,075,016500
164938.0,3180.0,1185.0,1995.0,13.0,126.0,42.0,49.0,103.0,0.0,0.0,46.0,259.0,400.0,257.0,178.0,129.0,60.0,32.0,37.0,12.0,2389.0,101.0,4.0,279.0,0.0,134.0,273.0,145.0,06,075,016601
193073.0,2498.0,942.0,1556.0,17.0,77.0,51.0,0.0,0.0,13.0,0.0,11.0,578.0,341.0,121.0,91.0,115.0,88.0,13.0,0.0,14.0,1847.0,246.0,0.0,281.0,0.0,0.0,124.0,43.0,06,075,016602
218466.0,5427.0,2293.0,3134.0,62.0,62.0,48.0,39.0,55.0,4.0,9.0,339.0,450.0,638.0,431.0,120.0,189.0,353.0,132.0,0.0,61.0,4094.0,252.0,0.0,737.0,0.0,125.0,219.0,333.0,06,075,016700
175658.0,4243.0,1719.0,2524.0,91.0,68.0,0.0,18.0,40.0,10.0,0.0,161.0,241.0,358.0,495.0,303.0,237.0,167.0,107.0,46.0,76.0,2645.0,213.0,7.0,773.0,0.0,223.0,382.0,521.0,06,075,016801
88210.0,3709.0,1802.0,1907.0,94.0,0.0,49.0,41.0,0.0,0.0,0.0,69.0,267.0,435.0,81.0,183.0,67.0,262.0,66.0,14.0,131.0,1964.0,444.0,0.0,822.0,0.0,85.0,394.0,443.0,06,075,016802
138542.0,3132.0,1135.0,1997.0,28.0,50.0,26.0,97.0,5.0,0.0,0.0,56.0,221.0,348.0,265.0,143.0,257.0,161.0,75.0,74.0,22.0,2089.0,58.0,81.0,460.0,52.0,126.0,266.0,341.0,06,075,016900
229476.0,4375.0,1659.0,2716.0,42.0,0.0,123.0,11.0,0.0,0.0,0.0,8.0,134.0,455.0,250.0,327.0,224.0,529.0,202.0,51.0,69.0,3203.0,110.0,0.0,542.0,0.0,0.0,520.0,281.0,06,075,017000
182663.0,4249.0,1956.0,2293.0,326.0,85.0,74.0,25.0,13.0,0.0,8.0,76.0,159.0,416.0,177.0,158.0,191.0,176.0,69.0,12.0,48.0,3176.0,91.0,10.0,548.0,0.0,0.0,424.0,150.0,06,075,017101
174375.0,3671.0,2042.0,1629.0,107.0,62.0,41.0,24.0,12.0,0.0,0.0,16.0,131.0,249.0,247.0,173.0,161.0,52.0,101.0,80.0,50.0,2902.0,65.0,11.0,225.0,0.0,216.0,252.0,574.0,06,075,017102
52668.0,3218.0,1192.0,2026.0,0.0,66.0,16.0,0.0,0.0,0.0,30.0,114.0,327.0,243.0,164.0,109.0,159.0,124.0,288.0,93.0,177.0,767.0,713.0,0.0,1433.0,0.0,90.0,215.0,64.0,06,075,017602
74389.0,4509.0,1917.0,2592.0,78.0,177.0,173.0,42.0,0.0,170.0,0.0,120.0,112.0,265.0,319.0,196.0,383.0,84.0,164.0,27.0,109.0,1311.0,254.0,0.0,2268.0,0.0,397.0,279.0,598.0,06,075,017603
108004.0,2856.0,897.0,1959.0,49.0,58.0,0.0,0.0,36.0,0.0,22.0,104.0,466.0,391.0,253.0,161.0,143.0,106.0,72.0,28.0,0.0,563.0,680.0,33.0,1120.0,74.0,215.0,171.0,478.0,06,075,017604
147986.0,1989.0,814.0,1175.0,56.0,12.0,46.0,37.0,6.0,0.0,0.0,101.0,97.0,229.0,125.0,74.0,135.0,74.0,72.0,46.0,21.0,875.0,25.0,50.0,405.0,0.0,501.0,133.0,786.0,06,075,017700
30030.0,3636.0,2008.0,1628.0,16.0,0.0,0.0,0.0,0.0,0.0,18.0,36.0,41.0,205.0,95.0,105.0,102.0,123.0,72.0,55.0,27.0,993.0,94.0,0.0,2317.0,0.0,0.0,232.0,271.0,06,075,017801
-666666666.0,2507.0,824.0,1683.0,111.0,96.0,17.0,0.0,0.0,20.0,0.0,74.0,197.0,349.0,124.0,115.0,42.0,280.0,122.0,18.0,48.0,955.0,29.0,0.0,1122.0,48.0,222.0,131.0,413.0,06,075,017803
125475.0,4474.0,2406.0,2068.0,0.0,19.0,18.0,32.0,22.0,0.0,15.0,180.0,381.0,432.0,309.0,120.0,135.0,128.0,70.0,43.0,92.0,1405.0,42.0,8.0,1828.0,0.0,1038.0,153.0,1206.0,06,075,017804
83077.0,3185.0,1390.0,1795.0,59.0,67.0,89.0,135.0,145.0,46.0,61.0,243.0,216.0,122.0,192.0,125.0,51.0,49.0,53.0,56.0,29.0,1398.0,586.0,34.0,289.0,91.0,414.0,373.0,865.0,06,075,017903
170536.0,3772.0,1429.0,2343.0,70.0,111.0,0.0,0.0,0.0,0.0,9.0,136.0,380.0,477.0,260.0,164.0,207.0,160.0,179.0,14.0,33.0,1577.0,326.0,51.0,930.0,26.0,300.0,562.0,844.0,06,075,018000
98678.0,3550.0,1287.0,2263.0,90.0,14.0,89.0,0.0,0.0,0.0,0.0,97.0,162.0,493.0,135.0,196.0,174.0,439.0,88.0,34.0,173.0,1562.0,315.0,78.0,469.0,0.0,663.0,463.0,1241.0,06,075,020101
-666666666.0,2941.0,1030.0,1911.0,0.0,0.0,36.0,11.0,19.0,0.0,17.0,58.0,196.0,211.0,530.0,57.0,304.0,216.0,53.0,72.0,23.0,1417.0,277.0,14.0,705.0,17.0,294.0,217.0,693.0,06,075,020102
121723.0,2168.0,806.0,1362.0,53.0,0.0,69.0,0.0,19.0,0.0,0.0,0.0,153.0,294.0,139.0,151.0,109.0,71.0,76.0,0.0,126.0,1171.0,104.0,19.0,349.0,0.0,301.0,224.0,580.0,06,075,020201
135450.0,4132.0,1848.0,2284.0,0.0,201.0,0.0,108.0,0.0,0.0,126.0,33.0,496.0,407.0,187.0,52.0,14.0,212.0,90.0,81.0,11.0,2020.0,306.0,593.0,584.0,36.0,137.0,456.0,837.0,06,075,020202
181364.0,3521.0,1251.0,2270.0,46.0,31.0,9.0,0.0,0.0,18.0,0.0,105.0,200.0,440.0,218.0,192.0,180.0,408.0,131.0,89.0,63.0,2386.0,124.0,21.0,378.0,0.0,215.0,397.0,391.0,06,075,020300
161103.0,3303.0,1249.0,2054.0,42.0,49.0,63.0,0.0,0.0,0.0,0.0,45.0,276.0,161.0,216.0,121.0,235.0,297.0,158.0,92.0,67.0,2308.0,106.0,0.0,442.0,5.0,48.0,394.0,305.0,06,075,020401
138456.0,4419.0,1635.0,2784.0,63.0,60.0,0.0,10.0,0.0,0.0,10.0,140.0,481.0,347.0,260.0,199.0,303.0,187.0,260.0,24.0,35.0,3063.0,76.0,0.0,678.0,0.0,75.0,527.0,635.0,06,075,020402
237344.0,2973.0,1012.0,1961.0,93.0,83.0,36.0,26.0,7.0,0.0,0.0,18.0,115.0,185.0,262.0,241.0,169.0,248.0,175.0,54.0,52.0,2276.0,121.0,0.0,363.0,0.0,54.0,159.0,175.0,06,075,020500
147091.0,3132.0,1106.0,2026.0,84.0,16.0,27.0,0.0,0.0,0.0,12.0,11.0,193.0,178.0,229.0,75.0,271.0,232.0,351.0,82.0,56.0,2178.0,105.0,0.0,470.0,0.0,65.0,314.0,298.0,06,075,020601
154792.0,2487.0,995.0,1492.0,0.0,62.0,74.0,0.0,25.0,0.0,0.0,47.0,88.0,94.0,95.0,99.0,55.0,100.0,209.0,46.0,192.0,1865.0,123.0,0.0,294.0,48.0,55.0,102.0,154.0,06,075,020602
231892.0,3073.0,1567.0,1506.0,64.0,16.0,93.0,0.0,0.0,0.0,0.0,58.0,79.0,284.0,189.0,181.0,160.0,130.0,122.0,18.0,45.0,1835.0,94.0,0.0,453.0,0.0,184.0,507.0,444.0,06,075,020701
128250.0,2228.0,1078.0,1150.0,76.0,35.0,0.0,0.0,0.0,7.0,0.0,0.0,83.0,224.0,181.0,144.0,152.0,53.0,29.0,38.0,0.0,1709.0,39.0,7.0,193.0,15.0,129.0,136.0,860.0,06,075,020702
90779.0,3629.0,1678.0,1951.0,150.0,36.0,80.0,1.0,22.0,35.0,12.0,145.0,350.0,194.0,160.0,151.0,197.0,87.0,99.0,64.0,0.0,1358.0,116.0,30.0,475.0,0.0,982.0,668.0,1667.0,06,075,020801
107674.0,2604.0,906.0,1698.0,0.0,0.0,14.0,0.0,40.0,42.0,12.0,244.0,399.0,216.0,150.0,92.0,140.0,128.0,96.0,0.0,5.0,1062.0,56.0,0.0,602.0,0.0,593.0,291.0,823.0,06,075,020802
119405.0,4402.0,2312.0,2090.0,172.0,36.0,54.0,0.0,0.0,0.0,19.0,124.0,224.0,217.0,395.0,267.0,207.0,72.0,128.0,0.0,49.0,2500.0,93.0,14.0,458.0,0.0,748.0,589.0,1881.0,06,075,020900
160341.0,4051.0,1959.0,2092.0,78.0,35.0,16.0,30.0,0.0,0.0,24.0,110.0,238.0,213.0,189.0,380.0,137.0,87.0,176.0,81.0,15.0,2674.0,20.0,0.0,712.0,0.0,235.0,410.0,553.0,06,075,021000
207344.0,3960.0,1855.0,2105.0,88.0,34.0,95.0,14.0,0.0,0.0,0.0,73.0,331.0,169.0,280.0,118.0,174.0,153.0,130.0,86.0,27.0,3000.0,12.0,12.0,523.0,0.0,104.0,309.0,364.0,06,075,021100
178333.0,3017.0,1412.0,1605.0,100.0,31.0,48.0,10.0,6.0,2.0,14.0,13.0,212.0,196.0,238.0,107.0,101.0,106.0,91.0,37.0,55.0,2081.0,32.0,0.0,332.0,0.0,49.0,523.0,360.0,06,075,021200
168944.0,2692.0,964.0,1728.0,78.0,109.0,77.0,0.0,0.0,0.0,0.0,0.0,52.0,189.0,290.0,199.0,92.0,162.0,187.0,56.0,46.0,1799.0,116.0,48.0,358.0,0.0,39.0,332.0,273.0,06,075,021300
194167.0,3641.0,1707.0,1934.0,129.0,50.0,31.0,38.0,45.0,0.0,0.0,77.0,82.0,235.0,141.0,221.0,281.0,83.0,120.0,40.0,20.0,2699.0,21.0,0.0,653.0,0.0,45.0,223.0,335.0,06,075,021400
235929.0,5622.0,2902.0,2720.0,77.0,181.0,149.0,36.0,11.0,28.0,0.0,76.0,303.0,386.0,256.0,305.0,262.0,161.0,237.0,52.0,40.0,3334.0,100.0,0.0,1102.0,0.0,311.0,775.0,787.0,06,075,021500
210313.0,4189.0,2030.0,2159.0,120.0,105.0,95.0,38.0,0.0,0.0,0.0,36.0,104.0,169.0,339.0,150.0,123.0,151.0,154.0,124.0,130.0,2339.0,194.0,0.0,912.0,0.0,385.0,359.0,447.0,06,075,021600
146285.0,4512.0,2574.0,1938.0,94.0,142.0,147.0,30.0,40.0,0.0,0.0,20.0,95.0,106.0,141.0,71.0,230.0,154.0,120.0,16.0,143.0,2470.0,518.0,0.0,751.0,0.0,187.0,586.0,338.0,06,075,021700
191920.0,4218.0,2061.0,2157.0,136.0,119.0,49.0,25.0,29.0,0.0,0.0,204.0,137.0,255.0,348.0,78.0,217.0,122.0,124.0,43.0,17.0,2777.0,82.0,15.0,444.0,0.0,441.0,459.0,856.0,06,075,021800
227782.0,3570.0,1501.0,2069.0,124.0,36.0,38.0,10.0,0.0,7.0,0.0,86.0,330.0,458.0,350.0,113.0,160.0,128.0,108.0,10.0,65.0,1898.0,135.0,0.0,1032.0,0.0,206.0,299.0,377.0,06,075,022600
221061.0,2218.0,1023.0,1195.0,57.0,48.0,77.0,3.0,5.0,0.0,0.0,25.0,216.0,352.0,47.0,125.0,32.0,42.0,68.0,12.0,30.0,1397.0,59.0,0.0,394.0,0.0,187.0,181.0,264.0,06,075,022702
247031.0,3565.0,1627.0,1938.0,95.0,39.0,32.0,41.0,6.0,4.0,15.0,31.0,299.0,273.0,201.0,106.0,107.0,171.0,143.0,75.0,83.0,2128.0,70.0,0.0,732.0,0.0,42.0,593.0,242.0,06,075,022704
158750.0,5068.0,2385.0,2683.0,187.0,121.0,117.0,33.0,26.0,28.0,1.0,84.0,205.0,454.0,274.0,227.0,157.0,152.0,181.0,59.0,70.0,2623.0,662.0,278.0,515.0,41.0,747.0,202.0,1709.0,06,075,022801
113958.0,2384.0,1157.0,1227.0,12.0,35.0,65.0,46.0,0.0,0.0,0.0,47.0,108.0,180.0,56.0,148.0,68.0,99.0,53.0,14.0,100.0,1019.0,172.0,0.0,471.0,27.0,500.0,195.0,750.0,06,075,022802
151597.0,4903.0,2267.0,2636.0,183.0,205.0,90.0,58.0,44.0,0.0,45.0,60.0,249.0,238.0,425.0,333.0,195.0,61.0,124.0,91.0,19.0,2009.0,118.0,0.0,1195.0,0.0,1119.0,462.0,1826.0,06,075,022803
89286.0,4573.0,2125.0,2448.0,51.0,265.0,179.0,86.0,55.0,5.0,6.0,50.0,172.0,442.0,281.0,324.0,49.0,235.0,46.0,30.0,31.0,1387.0,38.0,91.0,426.0,0.0,1962.0,669.0,2776.0,06,075,022901
173750.0,2233.0,971.0,1262.0,22.0,47.0,38.0,5.0,44.0,0.0,0.0,23.0,184.0,152.0,169.0,92.0,118.0,40.0,82.0,52.0,11.0,1057.0,111.0,37.0,301.0,0.0,529.0,198.0,845.0,06,075,022902
148500.0,3090.0,1646.0,1444.0,106.0,38.0,82.0,15.0,0.0,18.0,8.0,86.0,151.0,179.0,157.0,138.0,123.0,124.0,47.0,49.0,32.0,1553.0,48.0,89.0,338.0,11.0,670.0,381.0,1349.0,06,075,022903
79091.0,5309.0,2401.0,2908.0,127.0,115.0,117.0,154.0,156.0,20.0,0.0,59.0,307.0,141.0,292.0,151.0,240.0,270.0,155.0,74.0,147.0,600.0,643.0,0.0,3484.0,0.0,415.0,167.0,565.0,06,075,023001
133458.0,4195.0,2204.0,1991.0,102.0,32.0,150.0,55.0,0.0,0.0,8.0,74.0,222.0,114.0,232.0,209.0,89.0,170.0,136.0,15.0,112.0,457.0,721.0,12.0,2230.0,26.0,612.0,137.0,734.0,06,075,023003
41434.0,3707.0,2076.0,1631.0,344.0,136.0,82.0,26.0,42.0,0.0,0.0,24.0,156.0,113.0,104.0,74.0,5.0,86.0,77.0,71.0,106.0,347.0,1954.0,0.0,359.0,21.0,658.0,368.0,1134.0,06,075,023102
27946.0,4064.0,2179.0,1885.0,224.0,223.0,283.0,164.0,53.0,0.0,0.0,199.0,65.0,57.0,156.0,74.0,55.0,65.0,60.0,37.0,69.0,165.0,2526.0,0.0,276.0,349.0,594.0,154.0,1053.0,06,075,023103
107833.0,3857.0,1922.0,1935.0,26.0,71.0,90.0,161.0,0.0,11.0,33.0,40.0,99.0,167.0,115.0,130.0,189.0,127.0,228.0,49.0,43.0,755.0,1009.0,0.0,1219.0,9.0,740.0,125.0,1142.0,06,075,023200
67279.0,3930.0,1973.0,1957.0,108.0,110.0,134.0,99.0,38.0,20.0,16.0,27.0,100.0,187.0,82.0,122.0,164.0,132.0,97.0,91.0,46.0,435.0,540.0,0.0,2218.0,0.0,669.0,68.0,847.0,06,075,023300
74871.0,4148.0,2190.0,1958.0,131.0,109.0,165.0,124.0,0.0,0.0,4.0,54.0,275.0,176.0,238.0,111.0,79.0,89.0,97.0,24.0,16.0,545.0,1202.0,0.0,1245.0,78.0,696.0,382.0,1182.0,06,075,023400
151429.0,3384.0,1742.0,1642.0,64.0,126.0,102.0,36.0,0.0,0.0,0.0,11.0,59.0,277.0,82.0,207.0,179.0,80.0,103.0,22.0,47.0,2158.0,174.0,14.0,395.0,29.0,203.0,411.0,809.0,06,075,025100
145000.0,5505.0,2458.0,3047.0,323.0,156.0,51.0,16.0,0.0,0.0,34.0,23.0,318.0,161.0,249.0,87.0,269.0,502.0,228.0,64.0,276.0,3362.0,28.0,21.0,712.0,0.0,472.0,910.0,1320.0,06,075,025200
156741.0,4441.0,2113.0,2328.0,151.0,62.0,35.0,7.0,16.0,6.0,0.0,87.0,296.0,294.0,256.0,179.0,171.0,191.0,150.0,13.0,46.0,2232.0,32.0,30.0,670.0,0.0,1042.0,435.0,1410.0,06,075,025300
154583.0,3781.0,1730.0,2051.0,347.0,125.0,36.0,13.0,0.0,0.0,1.0,77.0,175.0,157.0,374.0,60.0,76.0,187.0,136.0,5.0,69.0,2725.0,83.0,9.0,217.0,0.0,176.0,571.0,1045.0,06,075,025401
167300.0,3522.0,1699.0,1823.0,84.0,84.0,57.0,46.0,11.0,0.0,70.0,40.0,140.0,100.0,145.0,57.0,189.0,236.0,121.0,37.0,78.0,1375.0,188.0,60.0,782.0,0.0,914.0,203.0,1456.0,06,075,025402
146354.0,4692.0,2199.0,2493.0,129.0,55.0,182.0,146.0,32.0,0.0,43.0,21.0,169.0,202.0,216.0,349.0,183.0,175.0,264.0,60.0,9.0,1461.0,299.0,33.0,1423.0,0.0,1040.0,436.0,1730.0,06,075,025403
126821.0,4443.0,2308.0,2135.0,65.0,85.0,123.0,134.0,39.0,11.0,41.0,104.0,422.0,40.0,77.0,171.0,81.0,172.0,139.0,0.0,193.0,950.0,176.0,0.0,1604.0,56.0,1395.0,262.0,1538.0,06,075,025501
166486.0,4428.0,1970.0,2458.0,89.0,117.0,136.0,91.0,6.0,49.0,15.0,150.0,248.0,267.0,170.0,161.0,303.0,69.0,109.0,10.0,131.0,1534.0,108.0,0.0,1638.0,0.0,456.0,692.0,1163.0,06,075,025502
115000.0,5158.0,2449.0,2709.0,137.0,55.0,200.0,66.0,26.0,15.0,14.0,193.0,256.0,124.0,191.0,184.0,341.0,215.0,197.0,23.0,61.0,1004.0,66.0,0.0,2963.0,0.0,921.0,204.0,1233.0,06,075,025600
111333.0,5424.0,2272.0,3152.0,94.0,252.0,338.0,47.0,65.0,7.0,42.0,65.0,177.0,236.0,156.0,258.0,224.0,347.0,264.0,85.0,87.0,662.0,60.0,30.0,3492.0,7.0,1085.0,88.0,1384.0,06,075,025701
97717.0,3979.0,2051.0,1928.0,93.0,76.0,99.0,70.0,15.0,26.0,9.0,37.0,138.0,152.0,205.0,80.0,156.0,106.0,168.0,71.0,82.0,777.0,3.0,6.0,2393.0,0.0,521.0,279.0,862.0,06,075,025702
80682.0,2153.0,1222.0,931.0,17.0,16.0,67.0,40.0,13.0,0.0,16.0,57.0,73.0,141.0,53.0,66.0,65.0,67.0,81.0,17.0,11.0,221.0,184.0,0.0,1512.0,0.0,66.0,170.0,187.0,06,075,025800
128676.0,4409.0,2235.0,2174.0,121.0,113.0,47.0,76.0,0.0,18.0,9.0,80.0,146.0,334.0,99.0,70.0,241.0,101.0,188.0,114.0,70.0,1234.0,226.0,0.0,1943.0,0.0,808.0,198.0,1146.0,06,075,025900
104406.0,6463.0,3261.0,3202.0,77.0,211.0,241.0,9.0,57.0,48.0,6.0,99.0,455.0,345.0,290.0,256.0,176.0,218.0,237.0,28.0,30.0,1281.0,214.0,11.0,3211.0,0.0,1368.0,378.0,2295.0,06,075,026001
126615.0,3660.0,1947.0,1713.0,93.0,39.0,76.0,72.0,6.0,1.0,6.0,58.0,95.0,140.0,166.0,159.0,105.0,115.0,151.0,35.0,96.0,1105.0,132.0,0.0,1647.0,0.0,478.0,298.0,839.0,06,075,026002
96563.0,5085.0,2811.0,2274.0,59.0,171.0,72.0,48.0,31.0,0.0,11.0,53.0,192.0,126.0,261.0,157.0,189.0,110.0,269.0,62.0,78.0,1184.0,23.0,0.0,2304.0,0.0,1354.0,220.0,1848.0,06,075,026003
103152.0,4107.0,1903.0,2204.0,208.0,91.0,101.0,93.0,1.0,11.0,6.0,75.0,160.0,48.0,203.0,229.0,181.0,287.0,93.0,32.0,17.0,1094.0,145.0,8.0,1541.0,0.0,1125.0,194.0,1748.0,06,075,026004
108544.0,7566.0,3356.0,4210.0,137.0,256.0,294.0,108.0,103.0,0.0,28.0,128.0,267.0,486.0,124.0,395.0,497.0,445.0,187.0,92.0,133.0,1014.0,228.0,103.0,5249.0,124.0,472.0,376.0,1627.0,06,075,026100
115417.0,3825.0,2031.0,1794.0,41.0,85.0,135.0,41.0,15.0,12.0,9.0,40.0,107.0,211.0,70.0,117.0,60.0,192.0,150.0,56.0,110.0,249.0,109.0,0.0,2390.0,0.0,936.0,141.0,1141.0,06,075,026201
113403.0,3839.0,2121.0,1718.0,68.0,41.0,0.0,32.0,25.0,41.0,25.0,17.0,157.0,122.0,177.0,93.0,217.0,183.0,133.0,15.0,45.0,878.0,13.0,0.0,2369.0,0.0,348.0,231.0,1123.0,06,075,026202
98375.0,5724.0,2723.0,3001.0,115.0,160.0,133.0,50.0,24.0,40.0,37.0,90.0,443.0,179.0,198.0,166.0,74.0,155.0,287.0,114.0,74.0,969.0,67.0,0.0,3343.0,68.0,998.0,279.0,1555.0,06,075,026301
87228.0,5142.0,2621.0,2521.0,152.0,136.0,96.0,87.0,76.0,22.0,8.0,84.0,181.0,288.0,267.0,84.0,155.0,139.0,328.0,118.0,50.0,778.0,225.0,59.0,2932.0,0.0,313.0,835.0,1344.0,06,075,026302
76210.0,4818.0,2312.0,2506.0,147.0,145.0,30.0,139.0,36.0,9.0,22.0,37.0,302.0,246.0,133.0,281.0,123.0,116.0,213.0,165.0,28.0,908.0,42.0,19.0,2454.0,13.0,1082.0,300.0,1574.0,06,075,026303
71042.0,3444.0,1774.0,1670.0,137.0,38.0,86.0,38.0,47.0,35.0,4.0,59.0,81.0,174.0,220.0,80.0,129.0,75.0,100.0,16.0,95.0,356.0,192.0,24.0,2372.0,137.0,193.0,170.0,448.0,06,075,026401
115117.0,5056.0,2286.0,2770.0,21.0,111.0,126.0,43.0,17.0,30.0,2.0,152.0,94.0,207.0,368.0,320.0,171.0,141.0,275.0,113.0,125.0,1214.0,338.0,47.0,2581.0,18.0,461.0,397.0,932.0,06,075,026402
74792.0,3801.0,1819.0,1982.0,85.0,11.0,86.0,88.0,77.0,8.0,0.0,47.0,207.0,185.0,111.0,55.0,155.0,114.0,198.0,133.0,44.0,484.0,95.0,0.0,2544.0,32.0,515.0,131.0,946.0,06,075,026403
76000.0,2760.0,1421.0,1339.0,41.0,60.0,84.0,35.0,31.0,23.0,5.0,32.0,146.0,64.0,97.0,113.0,160.0,56.0,92.0,34.0,52.0,213.0,299.0,0.0,1343.0,0.0,649.0,256.0,871.0,06,075,026404
135791.0,5062.0,3187.0,1875.0,166.0,13.0,52.0,9.0,43.0,14.0,10.0,44.0,364.0,251.0,207.0,80.0,159.0,75.0,78.0,50.0,39.0,2702.0,62.0,31.0,1603.0,0.0,287.0,377.0,517.0,06,075,030101
183272.0,4731.0,2353.0,2378.0,138.0,139.0,40.0,34.0,72.0,15.0,4.0,83.0,314.0,386.0,189.0,118.0,67.0,129.0,264.0,21.0,39.0,3049.0,108.0,0.0,1064.0,0.0,157.0,353.0,365.0,06,075,030102
115898.0,4262.0,2273.0,1989.0,115.0,105.0,15.0,200.0,65.0,0.0,0.0,89.0,131.0,240.0,158.0,170.0,89.0,92.0,101.0,70.0,49.0,1953.0,71.0,0.0,1303.0,11.0,455.0,469.0,683.0,06,075,030201
121831.0,4013.0,1807.0,2206.0,89.0,85.0,42.0,29.0,0.0,0.0,5.0,36.0,265.0,289.0,232.0,134.0,322.0,127.0,85.0,22.0,37.0,2230.0,124.0,0.0,1223.0,0.0,151.0,285.0,396.0,06,075,030202
161495.0,6074.0,3251.0,2823.0,25.0,53.0,97.0,24.0,44.0,0.0,0.0,80.0,118.0,625.0,84.0,181.0,191.0,378.0,175.0,117.0,74.0,2471.0,93.0,0.0,2677.0,0.0,242.0,591.0,393.0,06,075,030301
176364.0,3928.0,1895.0,2033.0,103.0,79.0,70.0,17.0,46.0,0.0,22.0,46.0,273.0,273.0,143.0,120.0,129.0,89.0,114.0,83.0,75.0,1622.0,189.0,8.0,1573.0,8.0,159.0,369.0,341.0,06,075,030302
127632.0,5088.0,2676.0,2412.0,109.0,145.0,53.0,24.0,12.0,22.0,0.0,36.0,60.0,238.0,105.0,121.0,238.0,131.0,142.0,56.0,192.0,2334.0,77.0,0.0,2240.0,0.0,74.0,363.0,339.0,06,075,030400
162218.0,3676.0,1856.0,1820.0,7.0,24.0,104.0,97.0,37.0,13.0,14.0,106.0,104.0,29.0,49.0,90.0,199.0,133.0,239.0,98.0,48.0,1745.0,376.0,2.0,996.0,0.0,156.0,401.0,569.0,06,075,030500
200625.0,2514.0,1230.0,1284.0,119.0,30.0,54.0,44.0,16.0,5.0,0.0,11.0,105.0,79.0,71.0,100.0,131.0,138.0,97.0,38.0,40.0,1306.0,37.0,0.0,723.0,0.0,61.0,387.0,223.0,06,075,030600
172417.0,6959.0,3220.0,3739.0,229.0,216.0,246.0,112.0,25.0,28.0,21.0,101.0,261.0,148.0,220.0,322.0,344.0,151.0,285.0,111.0,139.0,3539.0,245.0,24.0,2175.0,0.0,143.0,833.0,617.0,06,075,030700
171250.0,6041.0,2962.0,3079.0,76.0,193.0,326.0,12.0,78.0,0.0,0.0,64.0,284.0,342.0,146.0,158.0,222.0,267.0,204.0,23.0,102.0,3994.0,76.0,0.0,1594.0,32.0,84.0,261.0,297.0,06,075,030800
166757.0,6767.0,3770.0,2997.0,24.0,97.0,338.0,115.0,17.0,20.0,0.0,78.0,304.0,161.0,90.0,191.0,348.0,214.0,192.0,82.0,155.0,3007.0,67.0,116.0,2458.0,2.0,134.0,983.0,649.0,06,075,030900
166528.0,4089.0,2030.0,2059.0,99.0,77.0,121.0,48.0,15.0,15.0,23.0,15.0,178.0,192.0,113.0,89.0,152.0,155.0,131.0,13.0,124.0,1754.0,129.0,0.0,1530.0,0.0,445.0,231.0,539.0,06,075,031000
162348.0,6295.0,3258.0,3037.0,60.0,102.0,131.0,73.0,0.0,20.0,12.0,252.0,304.0,231.0,255.0,99.0,233.0,271.0,195.0,1.0,191.0,2943.0,142.0,0.0,2116.0,0.0,640.0,454.0,1063.0,06,075,031100
87827.0,6522.0,3296.0,3226.0,78.0,143.0,173.0,102.0,15.0,6.0,45.0,243.0,289.0,312.0,378.0,161.0,94.0,139.0,198.0,67.0,195.0,950.0,212.0,44.0,4120.0,0.0,679.0,517.0,1307.0,06,075,031201
127981.0,3239.0,1561.0,1678.0,124.0,94.0,122.0,30.0,25.0,11.0,21.0,46.0,184.0,106.0,87.0,111.0,105.0,153.0,88.0,10.0,85.0,259.0,212.0,0.0,2303.0,5.0,164.0,296.0,397.0,06,075,031202
94740.0,3866.0,1794.0,2072.0,10.0,138.0,30.0,80.0,34.0,0.0,12.0,66.0,296.0,42.0,387.0,72.0,39.0,71.0,161.0,23.0,88.0,867.0,420.0,0.0,2138.0,0.0,45.0,396.0,274.0,06,075,031301
113304.0,5503.0,2573.0,2930.0,82.0,59.0,139.0,91.0,86.0,23.0,12.0,82.0,410.0,333.0,112.0,92.0,190.0,181.0,159.0,196.0,265.0,885.0,668.0,0.0,2944.0,33.0,655.0,318.0,841.0,06,075,031302
91806.0,2378.0,1135.0,1243.0,84.0,116.0,45.0,11.0,7.0,13.0,7.0,21.0,127.0,126.0,106.0,84.0,57.0,95.0,68.0,2.0,25.0,265.0,140.0,48.0,1274.0,0.0,361.0,290.0,597.0,06,075,031401
127351.0,4788.0,2595.0,2193.0,128.0,105.0,161.0,67.0,8.0,0.0,7.0,58.0,73.0,165.0,206.0,311.0,178.0,159.0,184.0,133.0,52.0,760.0,692.0,17.0,1955.0,1.0,896.0,467.0,1415.0,06,075,031402
125313.0,4874.0,2533.0,2341.0,147.0,89.0,42.0,79.0,21.0,39.0,0.0,69.0,291.0,227.0,400.0,110.0,121.0,154.0,101.0,39.0,142.0,1679.0,165.0,22.0,2256.0,32.0,118.0,602.0,613.0,06,075,032601
130431.0,4505.0,2416.0,2089.0,20.0,56.0,22.0,60.0,57.0,31.0,6.0,75.0,257.0,179.0,235.0,171.0,90.0,117.0,109.0,121.0,55.0,1459.0,149.0,0.0,2499.0,20.0,76.0,302.0,285.0,06,075,032602
146131.0,6932.0,3542.0,3390.0,215.0,100.0,100.0,18.0,70.0,0.0,59.0,106.0,300.0,226.0,262.0,198.0,152.0,205.0,234.0,69.0,166.0,2932.0,29.0,0.0,3207.0,17.0,216.0,531.0,475.0,06,075,032700
124840.0,4042.0,2165.0,1877.0,31.0,24.0,81.0,49.0,0.0,0.0,21.0,0.0,260.0,265.0,96.0,63.0,152.0,136.0,86.0,12.0,136.0,1038.0,98.0,0.0,2705.0,0.0,27.0,174.0,160.0,06,075,032801
118542.0,4624.0,2521.0,2103.0,77.0,45.0,104.0,16.0,0.0,0.0,36.0,111.0,150.0,116.0,80.0,266.0,156.0,110.0,171.0,96.0,62.0,1309.0,8.0,0.0,2775.0,166.0,246.0,120.0,349.0,06,075,032802
139526.0,5360.0,2967.0,2393.0,81.0,124.0,132.0,25.0,20.0,16.0,21.0,66.0,166.0,175.0,239.0,103.0,215.0,74.0,192.0,105.0,141.0,1147.0,12.0,0.0,3586.0,73.0,115.0,427.0,197.0,06,075,032901
101719.0,4103.0,2185.0,1918.0,63.0,29.0,104.0,22.0,0.0,0.0,8.0,10.0,79.0,177.0,101.0,146.0,131.0,128.0,302.0,55.0,81.0,928.0,14.0,0.0,3054.0,0.0,24.0,83.0,128.0,06,075,032902
128464.0,4200.0,1929.0,2271.0,14.0,78.0,82.0,122.0,0.0,0.0,0.0,5.0,615.0,22.0,163.0,129.0,235.0,173.0,197.0,59.0,26.0,1074.0,81.0,0.0,2490.0,0.0,326.0,229.0,437.0,06,075,033001
202737.0,4227.0,2014.0,2213.0,71.0,172.0,93.0,54.0,57.0,8.0,16.0,47.0,267.0,135.0,118.0,182.0,56.0,264.0,177.0,111.0,38.0,2048.0,1.0,0.0,1911.0,0.0,10.0,257.0,384.0,06,075,033002
150500.0,3948.0,1944.0,2004.0,42.0,207.0,106.0,105.0,20.0,0.0,17.0,31.0,101.0,91.0,178.0,116.0,177.0,176.0,81.0,77.0,97.0,1392.0,49.0,0.0,2107.0,17.0,28.0,355.0,203.0,06,075,033100
58750.0,4262.0,2637.0,1625.0,7.0,4.0,20.0,60.0,807.0,102.0,94.0,164.0,74.0,52.0,12.0,28.0,31.0,31.0,0.0,0.0,100.0,1493.0,477.0,10.0,1039.0,22.0,832.0,389.0,1340.0,06,075,033201
54854.0,3320.0,1799.0,1521.0,17.0,56.0,41.0,57.0,118.0,47.0,33.0,92.0,210.0,116.0,86.0,95.0,127.0,21.0,67.0,63.0,119.0,1180.0,286.0,33.0,1282.0,0.0,272.0,267.0,573.0,06,075,033203
99205.0,4402.0,1876.0,2526.0,35.0,72.0,61.0,36.0,92.0,62.0,36.0,336.0,353.0,142.0,189.0,382.0,34.0,86.0,41.0,20.0,34.0,1304.0,452.0,10.0,1568.0,0.0,755.0,313.0,952.0,06,075,033204
113000.0,4035.0,1860.0,2175.0,40.0,55.0,205.0,19.0,43.0,0.0,13.0,126.0,56.0,93.0,302.0,352.0,68.0,326.0,63.0,39.0,44.0,1767.0,153.0,0.0,1235.0,0.0,265.0,615.0,789.0,06,075,035101
168897.0,4760.0,2585.0,2175.0,85.0,131.0,74.0,113.0,3.0,0.0,0.0,85.0,161.0,112.0,289.0,105.0,215.0,160.0,215.0,24.0,86.0,1237.0,51.0,29.0,2902.0,74.0,13.0,454.0,33.0,06,075,035102
118902.0,5497.0,2681.0,2816.0,171.0,134.0,122.0,60.0,7.0,9.0,0.0,88.0,194.0,234.0,231.0,205.0,194.0,74.0,312.0,121.0,103.0,1654.0,48.0,12.0,3034.0,0.0,294.0,455.0,507.0,06,075,035201
93622.0,4796.0,2062.0,2734.0,61.0,232.0,71.0,80.0,0.0,8.0,7.0,102.0,343.0,187.0,258.0,200.0,107.0,255.0,145.0,78.0,86.0,1968.0,123.0,35.0,1694.0,160.0,215.0,601.0,758.0,06,075,035202
133947.0,7537.0,3816.0,3721.0,317.0,249.0,11.0,89.0,59.0,0.0,42.0,10.0,230.0,428.0,387.0,282.0,216.0,303.0,262.0,64.0,66.0,2131.0,40.0,4.0,4888.0,0.0,451.0,23.0,523.0,06,075,035300
122050.0,7769.0,3759.0,4010.0,149.0,420.0,220.0,73.0,65.0,0.0,71.0,39.0,173.0,467.0,617.0,156.0,157.0,353.0,259.0,158.0,76.0,3058.0,71.0,0.0,2901.0,0.0,272.0,1467.0,568.0,06,075,035400
132976.0,4342.0,2444.0,1898.0,119.0,81.0,52.0,46.0,0.0,86.0,0.0,42.0,249.0,260.0,258.0,84.0,109.0,85.0,85.0,33.0,73.0,2130.0,19.0,0.0,1430.0,0.0,24.0,739.0,731.0,06,075,040100
140227.0,5460.0,2994.0,2466.0,138.0,126.0,78.0,72.0,0.0,10.0,3.0,179.0,69.0,459.0,277.0,113.0,108.0,116.0,104.0,37.0,60.0,2599.0,70.0,0.0,2238.0,0.0,87.0,466.0,439.0,06,075,040200
101806.0,4261.0,2123.0,2138.0,26.0,81.0,106.0,68.0,61.0,0.0,0.0,213.0,225.0,163.0,284.0,155.0,128.0,93.0,151.0,36.0,93.0,1848.0,161.0,0.0,1588.0,0.0,116.0,548.0,273.0,06,075,042601
147708.0,2615.0,1338.0,1277.0,113.0,56.0,42.0,8.0,0.0,0.0,0.0,0.0,94.0,86.0,220.0,102.0,79.0,63.0,77.0,29.0,23.0,1234.0,7.0,0.0,1104.0,0.0,25.0,245.0,130.0,06,075,042602
106387.0,5361.0,2786.0,2575.0,152.0,79.0,30.0,24.0,0.0,124.0,41.0,69.0,161.0,138.0,221.0,277.0,116.0,231.0,89.0,57.0,187.0,2064.0,316.0,0.0,2613.0,6.0,16.0,346.0,365.0,06,075,042700
235588.0,2501.0,1294.0,1207.0,85.0,81.0,117.0,59.0,22.0,0.0,0.0,11.0,35.0,43.0,58.0,29.0,126.0,124.0,105.0,8.0,30.0,1687.0,31.0,0.0,535.0,0.0,10.0,238.0,146.0,06,075,042800
175237.0,5209.0,2614.0,2595.0,195.0,25.0,121.0,52.0,5.0,12.0,38.0,72.0,259.0,643.0,224.0,117.0,302.0,103.0,84.0,32.0,40.0,3139.0,34.0,45.0,1562.0,0.0,148.0,281.0,377.0,06,075,045100
164583.0,3360.0,1765.0,1595.0,41.0,30.0,66.0,91.0,20.0,0.0,0.0,66.0,298.0,133.0,141.0,104.0,73.0,129.0,59.0,19.0,19.0,1257.0,207.0,0.0,1564.0,0.0,170.0,162.0,144.0,06,075,045201
143164.0,3396.0,1851.0,1545.0,54.0,0.0,41.0,0.0,11.0,11.0,54.0,65.0,286.0,309.0,164.0,88.0,77.0,39.0,122.0,0.0,62.0,1615.0,60.0,0.0,1308.0,65.0,228.0,120.0,302.0,06,075,045202
141544.0,5145.0,2500.0,2645.0,207.0,119.0,0.0,74.0,0.0,0.0,0.0,218.0,113.0,219.0,321.0,267.0,356.0,71.0,139.0,55.0,138.0,2063.0,48.0,0.0,2117.0,0.0,134.0,783.0,302.0,06,075,047600
106705.0,4978.0,2765.0,2213.0,116.0,50.0,104.0,84.0,28.0,18.0,48.0,88.0,149.0,256.0,157.0,233.0,111.0,125.0,95.0,92.0,61.0,1749.0,0.0,0.0,2403.0,0.0,156.0,670.0,346.0,06,075,047701
103455.0,3541.0,1878.0,1663.0,39.0,74.0,123.0,39.0,6.0,10.0,27.0,10.0,69.0,188.0,83.0,102.0,217.0,88.0,155.0,53.0,77.0,1712.0,45.0,0.0,1576.0,0.0,46.0,162.0,199.0,06,075,047702
145568.0,4550.0,2341.0,2209.0,149.0,54.0,86.0,28.0,24.0,0.0,56.0,10.0,293.0,244.0,287.0,42.0,199.0,148.0,109.0,80.0,114.0,1969.0,50.0,1.0,2088.0,0.0,56.0,386.0,195.0,06,075,047801
101722.0,3781.0,2097.0,1684.0,152.0,31.0,73.0,69.0,43.0,16.0,40.0,58.0,137.0,140.0,54.0,86.0,113.0,85.0,152.0,47.0,71.0,1947.0,17.0,15.0,1601.0,0.0,92.0,109.0,355.0,06,075,047802
132583.0,3610.0,1732.0,1878.0,54.0,66.0,29.0,56.0,0.0,0.0,0.0,36.0,234.0,365.0,49.0,127.0,85.0,131.0,182.0,52.0,95.0,1691.0,0.0,52.0,1334.0,0.0,15.0,518.0,396.0,06,075,047902
135757.0,4283.0,2467.0,1816.0,130.0,61.0,111.0,0.0,64.0,0.0,0.0,79.0,25.0,226.0,116.0,63.0,90.0,382.0,61.0,39.0,41.0,1877.0,36.0,0.0,2108.0,0.0,59.0,203.0,223.0,06,075,047903
79514.0,3111.0,1837.0,1274.0,21.0,100.0,53.0,0.0,0.0,5.0,21.0,0.0,191.0,127.0,157.0,134.0,35.0,50.0,211.0,18.0,15.0,1817.0,50.0,0.0,608.0,0.0,305.0,331.0,302.0,06,075,047904
218898.0,4231.0,2305.0,1926.0,343.0,59.0,179.0,44.0,0.0,0.0,23.0,61.0,238.0,144.0,324.0,105.0,113.0,122.0,119.0,0.0,5.0,2622.0,75.0,29.0,325.0,0.0,125.0,1055.0,852.0,06,075,060100
80733.0,1595.0,780.0,815.0,61.0,0.0,0.0,30.0,7.0,5.0,0.0,31.0,46.0,272.0,39.0,90.0,22.0,9.0,67.0,0.0,10.0,790.0,91.0,1.0,384.0,0.0,138.0,191.0,194.0,06,075,060400
34896.0,3539.0,1888.0,1651.0,89.0,130.0,224.0,37.0,38.0,0.0,0.0,91.0,179.0,88.0,173.0,51.0,117.0,132.0,136.0,19.0,75.0,297.0,719.0,0.0,1263.0,230.0,621.0,409.0,926.0,06,075,060502
165718.0,7621.0,3617.0,4004.0,363.0,1.0,188.0,205.0,45.0,0.0,0.0,216.0,576.0,756.0,475.0,385.0,179.0,78.0,164.0,0.0,40.0,3025.0,478.0,0.0,3419.0,0.0,313.0,386.0,774.0,06,075,060701
-666666666.0,1488.0,819.0,669.0,0.0,62.0,0.0,0.0,0.0,0.0,0.0,0.0,0.0,141.0,209.0,29.0,82.0,32.0,0.0,0.0,79.0,946.0,42.0,0.0,282.0,0.0,162.0,56.0,214.0,06,075,060702
183168.0,5787.0,3212.0,2575.0,0.0,73.0,69.0,0.0,26.0,27.0,6.0,141.0,339.0,660.0,309.0,373.0,226.0,32.0,132.0,112.0,0.0,2704.0,27.0,0.0,2237.0,137.0,437.0,245.0,844.0,06,075,060703
89125.0,4825.0,2280.0,2545.0,182.0,138.0,225.0,6.0,16.0,0.0,0.0,175.0,203.0,266.0,186.0,161.0,129.0,218.0,158.0,46.0,139.0,668.0,776.0,0.0,3037.0,16.0,188.0,140.0,391.0,06,075,061000
17146.0,1856.0,925.0,931.0,8.0,36.0,22.0,81.0,91.0,0.0,0.0,113.0,0.0,47.0,7.0,25.0,88.0,88.0,73.0,55.0,35.0,74.0,15.0,0.0,1701.0,0.0,0.0,66.0,14.0,06,075,061101
24656.0,2341.0,1134.0,1207.0,50.0,27.0,61.0,72.0,6.0,0.0,10.0,109.0,82.0,137.0,0.0,89.0,59.0,24.0,136.0,11.0,0.0,125.0,85.0,62.0,1900.0,41.0,117.0,11.0,81.0,06,075,061102
89063.0,3952.0,1751.0,2201.0,65.0,83.0,104.0,82.0,25.0,66.0,59.0,45.0,182.0,202.0,138.0,168.0,74.0,244.0,201.0,37.0,48.0,668.0,885.0,0.0,1105.0,0.0,1093.0,201.0,1500.0,06,075,061200
149396.0,3199.0,1677.0,1522.0,47.0,130.0,0.0,0.0,0.0,0.0,0.0,39.0,112.0,192.0,208.0,115.0,248.0,33.0,73.0,58.0,71.0,1800.0,251.0,0.0,463.0,0.0,153.0,532.0,408.0,06,075,061401
160823.0,2537.0,1328.0,1209.0,123.0,53.0,53.0,39.0,0.0,0.0,0.0,29.0,265.0,170.0,157.0,51.0,122.0,73.0,0.0,0.0,0.0,1171.0,123.0,0.0,770.0,0.0,287.0,186.0,406.0,06,075,061402
250001.0,1837.0,863.0,974.0,35.0,0.0,0.0,0.0,0.0,0.0,0.0,0.0,208.0,53.0,120.0,185.0,0.0,51.0,287.0,0.0,0.0,862.0,0.0,0.0,705.0,43.0,0.0,227.0,37.0,06,075,061501
106165.0,1774.0,727.0,1047.0,84.0,0.0,0.0,0.0,0.0,0.0,0.0,0.0,148.0,142.0,117.0,76.0,55.0,154.0,0.0,0.0,0.0,1420.0,23.0,0.0,183.0,0.0,77.0,71.0,113.0,06,075,061502
204620.0,3400.0,1351.0,2049.0,0.0,0.0,0.0,0.0,0.0,250.0,184.0,291.0,345.0,241.0,281.0,66.0,53.0,145.0,155.0,0.0,0.0,1435.0,233.0,34.0,1580.0,66.0,52.0,0.0,101.0,06,075,061503
241230.0,1443.0,693.0,750.0,110.0,0.0,0.0,0.0,19.0,48.0,6.0,46.0,79.0,37.0,186.0,38.0,56.0,125.0,0.0,0.0,0.0,420.0,14.0,0.0,846.0,61.0,11.0,91.0,67.0,06,075,061504
249901.0,776.0,390.0,386.0,0.0,0.0,0.0,0.0,0.0,0.0,0.0,0.0,0.0,125.0,43.0,35.0,0.0,0.0,0.0,26.0,92.0,85.0,51.0,0.0,640.0,0.0,0.0,0.0,35.0,06,075,061505
250001.0,4422.0,1994.0,2428.0,123.0,0.0,0.0,0.0,0.0,0.0,0.0,40.0,562.0,545.0,459.0,252.0,234.0,0.0,0.0,0.0,55.0,2108.0,62.0,0.0,2202.0,0.0,0.0,50.0,238.0,06,075,061506
93466.0,1940.0,1013.0,927.0,315.0,0.0,0.0,53.0,0.0,0.0,0.0,50.0,248.0,0.0,72.0,0.0,73.0,0.0,0.0,0.0,62.0,982.0,0.0,0.0,730.0,0.0,0.0,228.0,444.0,06,075,061507
-666666666.0,2006.0,833.0,1173.0,0.0,0.0,0.0,0.0,0.0,42.0,62.0,157.0,183.0,113.0,46.0,78.0,0.0,62.0,131.0,0.0,155.0,1013.0,60.0,0.0,818.0,0.0,82.0,33.0,115.0,06,075,061508
-666666666.0,171.0,0.0,171.0,0.0,0.0,0.0,0.0,0.0,0.0,0.0,0.0,0.0,0.0,12.0,0.0,0.0,0.0,12.0,0.0,9.0,66.0,50.0,0.0,40.0,0.0,12.0,3.0,12.0,06,075,980200
149688.0,25.0,9.0,16.0,0.0,0.0,0.0,0.0,0.0,0.0,0.0,0.0,0.0,5.0,5.0,6.0,0.0,0.0,0.0,0.0,0.0,14.0,0.0,0.0,5.0,0.0,0.0,6.0,6.0,06,075,980300
-666666666.0,0.0,0.0,0.0,0.0,0.0,0.0,0.0,0.0,0.0,0.0,0.0,0.0,0.0,0.0,0.0,0.0,0.0,0.0,0.0,0.0,0.0,0.0,0.0,0.0,0.0,0.0,0.0,0.0,06,075,980401
11316.0,104.0,104.0,0.0,0.0,0.0,0.0,0.0,0.0,0.0,0.0,0.0,0.0,0.0,0.0,0.0,0.0,0.0,0.0,0.0,0.0,0.0,0.0,0.0,104.0,0.0,0.0,0.0,0.0,06,075,980501
120268.0,970.0,494.0,476.0,25.0,36.0,49.0,0.0,20.0,8.0,0.0,9.0,67.0,56.0,18.0,16.0,47.0,56.0,31.0,17.0,0.0,99.0,286.0,44.0,317.0,0.0,69.0,155.0,180.0,06,075,980600
137750.0,296.0,105.0,191.0,9.0,0.0,0.0,0.0,0.0,0.0,0.0,12.0,62.0,21.0,7.0,30.0,9.0,16.0,0.0,0.0,0.0,84.0,16.0,0.0,169.0,0.0,8.0,19.0,10.0,06,075,980900
-666666666.0,0.0,0.0,0.0,0.0,0.0,0.0,0.0,0.0,0.0,0.0,0.0,0.0,0.0,0.0,0.0,0.0,0.0,0.0,0.0,0.0,0.0,0.0,0.0,0.0,0.0,0.0,0.0,0.0,06,075,990100
-666666666.0,0.0,0.0,0.0,0.0,0.0,0.0,0.0,0.0,0.0,0.0,0.0,0.0,0.0,0.0,0.0,0.0,0.0,0.0,0.0,0.0,0.0,0.0,0.0,0.0,0.0,0.0,0.0,0.0,06,075,990200
